;;;;
;;;;
;;;;
Name;D65_White;D65_Blue;D65_Skin;D65_Yellow
Correction;UV;UV;UV;UV
Date;17/06/2025;17/06/2025;17/06/2025;17/06/2025
Time;09:23:14;09:25:54;09:31:56;09:34:22
T_int [ms];5,00;16,00;12,00;5,00
;;;;
Lv [cd/sqm];6,180E+03;6,464E+02;1,661E+03;3,565E+03
Le [W/(sr*sqm)] (380-780nm);2,740E+01;4,864E+00;9,095E+00;1,384E+01
CCT [K];5337;0;3124;3022
DWl [nm];564,9;472,2;589,6;577,9
PE [%];3,9;44,9;32,5;80,2
;;;;
Chrom. Coord.;;;;
x;0,3363;0,2367;0,4113;0,4660
y;0,3434;0,2145;0,3636;0,4674
u';0,2086;0,1856;0,2516;0,2428
v';0,4793;0,3785;0,5003;0,5479
;;;;
CIE XYZ;;;;
X;6051;713;1879;3555
Y;6180;646;1661;3565
Z;5764;1653;1028;509
;;;;
CIE 13.3-1995 CRI;;;;
Ref. Illum.;Daylight 5000-7000K;CRI not calculated!;Planckian radiator;Planckian radiator
CCT [K];5337;0;3124;3022
R1;94,6;0,0;73,3;82,1
R2;95,1;0,0;76,1;83,2
R3;95,5;0,0;78,0;85,7
R4;94,7;0,0;73,7;83,8
R5;94,1;0,0;67,3;79,3
R6;92,5;0,0;60,3;77,9
R7;97,3;0,0;92,5;93,2
R8;98,5;0,0;85,6;78,1
R9;96,9;0,0;56,7;36,7
R10;88,0;0,0;41,3;62,0
R11;90,5;0,0;58,1;79,9
R12;90,4;0,0;32,0;52,9
R13;93,9;0,0;70,8;81,3
R14;97,3;0,0;87,6;92,0
R15;96,8;0,0;77,2;74,4
Ra;95,30;0,00;75,86;82,90
DC;3,6E-03;0,0E+00;1,3E-02;1,9E-02
;;;;
PAR;;;;
Begin [nm];400;400;400;400
End [nm];700;700;700;700
Ephot (Begin..End) [umol/s sqm];1,06674E+02;1,54794E+01;3,33785E+01;5,37224E+01
;;;;
Circadian;;;;
Lec [W/sr*sqm];7,456;1,864;1,486;1,137
acv;0,824;1,969;0,611;0,218
CCT [K];5337;0;3124;3022
;;;;
LED Values;;;;
Peak WL [nm];501,0;805,0;806,0;806,0
Peak FWHM [nm];260,3;29,9;31,2;30,3
Centroid WL [nm];654,3;729,6;730,4;721,1
;;;;
RGB Values;;;;
RGB Space;manual;manual;manual;manual
R;6070,6;331,0;2476,4;4979,8
G;6209,6;701,2;1493,0;3300,0
B;5758,1;1662,6;1023,1;479,8
;;;;
Ratio Values;;;;
Wavelength Range Dividend [nm];380 - 400;380 - 400;380 - 400;380 - 400
Wavelength Range Divisor [nm];400 - 420;400 - 420;400 - 420;400 - 420
Ratio Value;0,8763;0,5150;0,6296;0,8656
;;;;
;;;;
Wavelength [nm];Le [W/(sr*sqm*nm)];Le [W/(sr*sqm*nm)];Le [W/(sr*sqm*nm)];Le [W/(sr*sqm*nm)]
300;7,51697E-05;-3,06294E-05;3,95490E-05;9,24876E-05
301;6,89075E-05;-5,70744E-05;3,25388E-05;-1,34548E-04
302;6,87730E-05;1,60015E-05;9,49496E-05;-2,16182E-05
303;-7,95910E-05;3,78830E-05;-5,35295E-05;1,53543E-05
304;2,63189E-04;-3,56977E-05;9,95623E-05;-4,37887E-05
305;-1,86428E-05;7,31603E-05;-5,36904E-05;1,34581E-04
306;9,52772E-05;2,39316E-05;-1,32785E-05;1,35297E-04
307;-7,71726E-05;-3,99351E-05;-5,42162E-05;4,03779E-05
308;6,68317E-05;2,83462E-05;-4,96839E-05;-2,06704E-04
309;-3,59284E-05;6,63142E-05;3,24317E-05;1,51956E-04
310;2,55949E-05;-8,83945E-06;1,04068E-05;1,29050E-04
311;1,38250E-04;1,30713E-06;-4,88547E-06;8,85650E-05
312;1,65049E-04;6,05436E-06;9,84183E-06;4,33272E-05
313;2,05470E-04;-2,97572E-05;-2,48670E-05;1,04972E-04
314;1,20720E-04;1,49688E-05;-3,13852E-05;-2,47307E-05
315;5,85715E-05;3,01943E-05;5,57448E-05;1,33238E-04
316;2,21237E-04;2,83264E-05;-4,18965E-05;3,24330E-05
317;-1,84385E-04;2,66278E-05;3,73948E-05;8,67851E-05
318;2,39538E-04;2,08024E-05;6,69599E-05;-3,34120E-05
319;-4,25367E-05;3,25130E-05;-5,74370E-06;-4,76947E-05
320;-7,47534E-05;2,65324E-05;-1,24787E-05;-8,69614E-06
321;8,68974E-05;7,34662E-05;-8,88781E-05;-2,89705E-04
322;1,46488E-05;-7,66731E-05;3,60971E-05;-2,01291E-04
323;4,46606E-05;1,22586E-05;1,68676E-05;1,49165E-05
324;1,85844E-04;2,83136E-05;6,36949E-05;4,04027E-05
325;-4,95566E-05;-2,16161E-05;-7,43817E-05;-9,27360E-05
326;-8,17535E-05;-2,45285E-05;7,03442E-05;4,56301E-05
327;2,61635E-05;3,83299E-06;-5,60618E-05;-1,64772E-04
328;1,87983E-05;2,70990E-05;6,85061E-06;3,39595E-05
329;-7,97200E-05;2,00253E-05;-5,26441E-06;9,25200E-06
330;-7,70792E-05;7,49307E-05;4,44738E-05;-4,64230E-05
331;2,44117E-04;3,28924E-05;-1,04894E-05;2,12843E-04
332;6,90244E-05;6,00593E-05;1,12557E-06;-1,22411E-04
333;-1,24385E-04;1,88238E-05;1,25017E-04;-8,80420E-05
334;-4,10106E-06;4,33955E-07;-3,91879E-05;1,50151E-04
335;8,82443E-05;-5,90222E-05;-6,17675E-05;-3,79571E-05
336;6,78508E-05;7,95133E-05;9,11000E-05;2,19037E-04
337;1,70397E-04;6,31432E-05;2,39474E-05;6,66814E-05
338;7,11698E-05;1,02169E-05;-1,54012E-05;5,95171E-05
339;9,39182E-05;3,38784E-05;4,65783E-05;-1,78074E-05
340;2,35046E-05;4,77962E-06;-8,50932E-05;-1,86727E-05
341;2,53896E-04;-5,31329E-05;2,50761E-05;-1,00912E-04
342;2,16924E-04;-3,81990E-06;1,51135E-05;2,42328E-04
343;1,80067E-04;-2,90585E-06;-6,10041E-06;-2,18823E-05
344;1,16428E-04;2,42008E-05;9,33258E-06;1,49147E-04
345;2,23814E-04;8,13913E-05;2,40465E-05;2,16530E-04
346;2,10648E-04;3,16280E-06;6,76856E-05;2,20192E-04
347;2,04736E-04;7,30087E-05;6,99209E-05;-6,25123E-05
348;2,61015E-04;3,11710E-05;3,53662E-05;-1,70919E-04
349;9,66529E-05;4,61796E-05;9,76222E-05;9,51390E-05
350;8,79655E-05;2,82527E-05;6,70334E-06;-1,97329E-05
351;3,31783E-04;1,31641E-05;4,93918E-05;-1,00921E-04
352;2,40343E-04;8,16035E-05;4,10030E-06;-7,59643E-05
353;2,90289E-04;1,22977E-06;9,47148E-05;1,55025E-06
354;2,54226E-04;-1,20624E-05;1,26435E-05;-8,79598E-05
355;8,25421E-05;7,17441E-05;6,60732E-05;-4,82204E-05
356;2,74162E-04;-2,22896E-05;-3,10053E-06;1,16961E-04
357;4,32056E-04;4,16468E-05;2,44956E-05;-8,73420E-05
358;1,72640E-04;3,26938E-05;-2,33687E-05;1,36543E-04
359;5,79598E-05;6,41212E-05;6,37264E-05;-8,67432E-05
360;2,24928E-04;4,71424E-05;-2,96042E-06;3,13772E-05
361;1,32296E-04;6,18471E-05;-4,66174E-05;1,03041E-04
362;2,37958E-04;6,24357E-05;1,07764E-04;1,04825E-04
363;1,31777E-04;7,40011E-05;1,87221E-05;1,72675E-04
364;-2,85735E-05;8,09378E-05;1,32926E-06;-7,29118E-06
365;2,64831E-04;3,91362E-05;-1,41076E-05;-9,59448E-05
366;2,02641E-04;3,94613E-05;2,44069E-05;3,47031E-05
367;4,79395E-04;4,40345E-05;3,16226E-06;-3,82711E-05
368;1,45236E-04;5,59538E-05;9,62386E-05;-4,28633E-05
369;4,82666E-04;5,31212E-05;2,68179E-05;-2,00695E-05
370;7,25106E-04;5,81608E-05;3,71474E-05;-5,99387E-05
371;8,64998E-04;8,06214E-05;1,40073E-04;-1,54881E-04
372;8,78588E-04;1,13421E-04;1,59037E-05;1,56682E-05
373;1,21883E-03;8,28683E-05;1,08344E-04;1,10164E-04
374;1,85604E-03;1,42619E-04;1,10411E-04;5,69911E-05
375;2,05310E-03;1,74662E-04;1,88766E-04;6,30020E-05
376;3,13336E-03;2,01771E-04;2,30438E-04;3,35836E-04
377;4,14600E-03;3,75557E-04;2,92766E-04;1,31281E-04
378;6,21831E-03;4,66632E-04;4,55206E-04;3,95363E-04
379;8,49429E-03;6,40639E-04;5,29657E-04;4,58010E-04
380;1,16168E-02;8,82504E-04;7,21130E-04;5,46188E-04
381;1,52934E-02;1,21588E-03;1,05696E-03;7,22326E-04
382;1,99185E-02;1,61394E-03;1,33619E-03;1,12767E-03
383;2,39539E-02;2,00880E-03;1,77561E-03;1,38634E-03
384;2,75520E-02;2,45510E-03;1,97993E-03;1,52089E-03
385;3,09465E-02;2,74661E-03;2,29295E-03;1,85658E-03
386;3,30011E-02;2,88756E-03;2,56257E-03;1,76128E-03
387;3,26284E-02;3,19012E-03;2,50380E-03;2,09029E-03
388;3,24892E-02;3,26330E-03;2,75600E-03;2,12849E-03
389;3,20547E-02;3,24904E-03;2,71453E-03;1,80318E-03
390;3,08188E-02;3,28994E-03;2,91059E-03;1,91673E-03
391;3,12217E-02;3,40244E-03;2,92962E-03;1,81792E-03
392;3,11334E-02;3,54717E-03;3,06949E-03;2,03886E-03
393;3,23300E-02;3,81844E-03;3,28582E-03;1,86611E-03
394;3,42682E-02;4,16440E-03;3,50406E-03;1,99175E-03
395;3,51574E-02;4,49718E-03;3,84844E-03;2,00275E-03
396;3,61808E-02;4,92908E-03;4,04270E-03;2,16927E-03
397;3,79024E-02;5,26083E-03;4,30363E-03;2,26077E-03
398;3,97725E-02;5,88966E-03;4,59183E-03;2,45776E-03
399;4,10287E-02;6,21412E-03;4,86451E-03;2,42078E-03
400;4,23220E-02;6,55388E-03;5,05631E-03;2,68145E-03
401;4,34120E-02;7,00074E-03;5,27573E-03;2,45932E-03
402;4,57340E-02;7,34700E-03;5,71187E-03;2,58982E-03
403;4,61549E-02;7,79803E-03;5,82804E-03;2,65075E-03
404;4,53701E-02;7,90159E-03;5,91305E-03;2,67086E-03
405;4,59122E-02;7,98943E-03;5,76072E-03;2,63989E-03
406;4,34497E-02;7,74966E-03;5,71902E-03;2,56729E-03
407;4,08704E-02;7,53130E-03;5,44147E-03;2,60474E-03
408;3,84509E-02;7,24571E-03;5,00604E-03;2,41785E-03
409;3,57319E-02;6,90794E-03;4,71443E-03;2,12913E-03
410;3,26497E-02;6,32493E-03;4,46168E-03;2,06867E-03
411;3,00898E-02;6,07981E-03;4,16658E-03;1,92072E-03
412;2,86920E-02;5,88016E-03;3,86796E-03;1,77612E-03
413;2,77114E-02;5,87335E-03;3,71849E-03;1,80683E-03
414;2,72068E-02;5,82380E-03;3,58860E-03;1,65446E-03
415;2,67956E-02;6,03612E-03;3,80725E-03;1,68538E-03
416;2,73632E-02;6,19224E-03;3,73174E-03;1,57073E-03
417;2,84540E-02;6,57284E-03;3,97688E-03;1,58039E-03
418;2,95946E-02;7,09604E-03;4,12911E-03;1,71119E-03
419;3,11202E-02;7,69995E-03;4,34818E-03;1,84130E-03
420;3,36949E-02;8,46882E-03;4,71453E-03;2,00826E-03
421;3,62854E-02;9,16930E-03;5,19332E-03;2,22231E-03
422;4,01501E-02;1,03179E-02;5,60106E-03;2,47047E-03
423;4,39448E-02;1,15735E-02;6,19886E-03;2,35699E-03
424;4,71541E-02;1,26435E-02;6,73152E-03;2,80541E-03
425;5,25638E-02;1,38817E-02;7,34647E-03;2,99857E-03
426;5,56765E-02;1,50169E-02;8,05961E-03;3,25978E-03
427;5,91874E-02;1,63073E-02;8,50787E-03;3,53871E-03
428;6,14794E-02;1,71958E-02;8,91272E-03;3,65814E-03
429;6,27762E-02;1,76831E-02;9,05218E-03;3,70019E-03
430;6,44040E-02;1,80132E-02;9,44048E-03;3,68673E-03
431;6,47147E-02;1,84625E-02;9,15294E-03;4,05225E-03
432;6,40669E-02;1,85316E-02;9,37220E-03;3,92380E-03
433;6,44927E-02;1,86811E-02;9,31734E-03;3,74811E-03
434;6,44339E-02;1,91941E-02;9,54522E-03;3,80766E-03
435;6,59986E-02;1,95009E-02;9,78173E-03;4,14990E-03
436;6,77214E-02;2,00273E-02;9,88977E-03;4,03141E-03
437;6,99395E-02;2,09800E-02;1,02439E-02;4,25395E-03
438;7,29510E-02;2,19412E-02;1,06966E-02;4,64338E-03
439;7,60260E-02;2,30732E-02;1,10912E-02;4,77502E-03
440;7,98408E-02;2,43477E-02;1,17017E-02;4,85190E-03
441;8,34541E-02;2,55526E-02;1,22526E-02;5,14565E-03
442;8,72361E-02;2,66454E-02;1,30689E-02;5,33700E-03
443;8,93219E-02;2,74857E-02;1,32605E-02;5,50648E-03
444;9,11449E-02;2,82662E-02;1,36793E-02;6,00477E-03
445;9,25332E-02;2,87488E-02;1,39769E-02;5,95266E-03
446;9,27128E-02;2,91394E-02;1,41558E-02;6,01286E-03
447;9,20483E-02;2,90865E-02;1,41375E-02;5,66452E-03
448;9,22025E-02;2,88961E-02;1,44193E-02;5,93183E-03
449;9,15183E-02;2,90307E-02;1,43791E-02;5,70048E-03
450;8,94568E-02;2,85549E-02;1,43517E-02;5,91843E-03
451;8,85999E-02;2,85318E-02;1,44796E-02;5,54337E-03
452;8,83282E-02;2,81856E-02;1,43250E-02;5,77764E-03
453;8,68831E-02;2,79850E-02;1,44561E-02;5,87765E-03
454;8,62933E-02;2,77585E-02;1,45105E-02;5,75857E-03
455;8,58095E-02;2,77577E-02;1,46583E-02;5,61938E-03
456;8,57692E-02;2,74406E-02;1,45268E-02;5,66378E-03
457;8,50437E-02;2,71462E-02;1,46285E-02;5,74422E-03
458;8,40495E-02;2,67695E-02;1,46066E-02;5,64252E-03
459;8,39357E-02;2,66611E-02;1,44931E-02;5,64600E-03
460;8,36133E-02;2,66277E-02;1,49317E-02;5,82560E-03
461;8,43049E-02;2,67634E-02;1,51329E-02;5,77603E-03
462;8,47061E-02;2,66521E-02;1,54008E-02;6,10571E-03
463;8,65517E-02;2,71245E-02;1,56352E-02;6,15358E-03
464;8,82630E-02;2,75257E-02;1,62832E-02;6,20860E-03
465;9,16992E-02;2,80801E-02;1,66940E-02;6,93883E-03
466;9,41501E-02;2,87241E-02;1,75718E-02;7,01126E-03
467;9,59073E-02;2,90862E-02;1,80014E-02;7,33460E-03
468;9,82133E-02;2,97218E-02;1,84847E-02;7,52003E-03
469;9,92622E-02;2,97416E-02;1,91440E-02;7,81014E-03
470;9,98109E-02;2,98419E-02;1,92527E-02;7,84522E-03
471;1,00860E-01;2,95223E-02;1,96904E-02;8,21388E-03
472;9,84389E-02;2,92050E-02;1,95940E-02;8,08827E-03
473;9,66823E-02;2,80957E-02;1,95871E-02;7,97066E-03
474;9,40986E-02;2,70915E-02;1,94099E-02;8,10238E-03
475;9,12565E-02;2,59443E-02;1,88775E-02;7,86482E-03
476;8,75116E-02;2,47543E-02;1,83572E-02;7,78706E-03
477;8,44987E-02;2,36153E-02;1,79770E-02;7,57116E-03
478;8,04185E-02;2,22464E-02;1,75620E-02;7,24770E-03
479;7,76584E-02;2,12158E-02;1,71988E-02;7,31629E-03
480;7,55268E-02;2,03716E-02;1,70065E-02;7,48744E-03
481;7,32162E-02;1,94142E-02;1,67386E-02;7,35023E-03
482;7,21341E-02;1,87915E-02;1,66066E-02;7,23507E-03
483;7,13946E-02;1,83407E-02;1,66926E-02;7,59762E-03
484;7,13807E-02;1,79637E-02;1,68703E-02;7,97777E-03
485;7,15889E-02;1,77021E-02;1,69439E-02;8,21842E-03
486;7,30309E-02;1,76754E-02;1,75568E-02;8,65545E-03
487;7,39911E-02;1,75664E-02;1,81284E-02;8,86939E-03
488;7,60739E-02;1,76472E-02;1,85963E-02;9,30403E-03
489;7,79484E-02;1,77235E-02;1,92463E-02;1,02724E-02
490;8,07875E-02;1,80723E-02;2,02055E-02;1,04816E-02
491;8,36944E-02;1,80714E-02;2,08622E-02;1,14908E-02
492;8,56418E-02;1,83589E-02;2,17510E-02;1,22422E-02
493;8,78705E-02;1,83132E-02;2,24636E-02;1,29542E-02
494;9,12438E-02;1,86241E-02;2,32425E-02;1,40230E-02
495;9,37062E-02;1,87488E-02;2,41391E-02;1,52446E-02
496;9,60584E-02;1,89596E-02;2,48347E-02;1,60626E-02
497;9,82828E-02;1,89483E-02;2,55739E-02;1,72636E-02
498;9,99368E-02;1,90079E-02;2,65875E-02;1,83980E-02
499;1,01074E-01;1,87222E-02;2,64567E-02;1,95071E-02
500;1,02568E-01;1,83596E-02;2,71467E-02;2,03982E-02
501;1,02611E-01;1,81595E-02;2,72423E-02;2,16592E-02
502;1,02427E-01;1,76504E-02;2,73371E-02;2,27268E-02
503;1,02508E-01;1,73122E-02;2,74308E-02;2,38066E-02
504;1,00946E-01;1,68047E-02;2,71911E-02;2,45256E-02
505;1,00175E-01;1,62860E-02;2,68391E-02;2,52888E-02
506;9,80178E-02;1,56976E-02;2,66350E-02;2,64151E-02
507;9,70777E-02;1,51856E-02;2,61573E-02;2,72916E-02
508;9,50718E-02;1,45704E-02;2,56845E-02;2,79696E-02
509;9,39223E-02;1,39042E-02;2,49923E-02;2,87459E-02
510;9,26380E-02;1,36772E-02;2,47561E-02;3,01042E-02
511;9,20106E-02;1,30437E-02;2,42322E-02;3,04517E-02
512;9,03391E-02;1,27155E-02;2,38422E-02;3,15526E-02
513;9,01469E-02;1,24268E-02;2,33314E-02;3,24133E-02
514;8,85591E-02;1,20097E-02;2,32834E-02;3,33300E-02
515;8,82126E-02;1,15949E-02;2,28138E-02;3,45798E-02
516;8,82008E-02;1,14039E-02;2,24562E-02;3,52977E-02
517;8,83898E-02;1,10978E-02;2,21869E-02;3,70514E-02
518;8,77791E-02;1,09369E-02;2,17615E-02;3,80180E-02
519;8,74323E-02;1,07989E-02;2,15592E-02;3,91639E-02
520;8,80296E-02;1,04292E-02;2,11241E-02;3,99190E-02
521;8,80916E-02;1,02277E-02;2,09765E-02;4,15775E-02
522;8,78172E-02;1,01506E-02;2,05635E-02;4,20363E-02
523;8,81131E-02;9,87047E-03;2,03173E-02;4,30608E-02
524;8,79676E-02;9,78651E-03;1,99801E-02;4,45044E-02
525;8,81204E-02;9,59049E-03;1,96640E-02;4,47203E-02
526;8,79925E-02;9,46216E-03;1,94034E-02;4,62792E-02
527;8,88191E-02;9,34948E-03;1,91921E-02;4,65165E-02
528;8,87099E-02;9,19348E-03;1,89445E-02;4,73041E-02
529;8,84974E-02;9,22490E-03;1,88931E-02;4,80400E-02
530;8,78227E-02;8,85760E-03;1,82682E-02;4,85646E-02
531;8,83059E-02;8,71053E-03;1,82253E-02;4,90083E-02
532;8,80569E-02;8,77323E-03;1,79920E-02;4,89878E-02
533;8,71140E-02;8,65543E-03;1,76756E-02;4,97517E-02
534;8,76472E-02;8,53440E-03;1,72862E-02;4,99197E-02
535;8,65026E-02;8,29458E-03;1,70670E-02;5,01033E-02
536;8,56879E-02;8,22543E-03;1,71603E-02;5,01777E-02
537;8,56473E-02;8,08642E-03;1,69938E-02;5,06735E-02
538;8,47680E-02;7,99187E-03;1,67401E-02;5,02658E-02
539;8,47016E-02;8,00125E-03;1,64745E-02;5,04979E-02
540;8,37184E-02;7,88825E-03;1,64838E-02;5,01271E-02
541;8,32454E-02;7,62938E-03;1,64361E-02;5,02320E-02
542;8,28730E-02;7,55081E-03;1,63547E-02;5,00982E-02
543;8,29271E-02;7,58082E-03;1,64819E-02;4,97544E-02
544;8,16784E-02;7,35372E-03;1,63166E-02;5,01756E-02
545;8,16537E-02;7,27879E-03;1,63711E-02;5,00306E-02
546;8,07735E-02;7,19970E-03;1,62819E-02;4,96251E-02
547;8,02594E-02;7,10874E-03;1,60394E-02;5,00513E-02
548;8,01199E-02;7,10407E-03;1,63184E-02;5,01048E-02
549;7,93473E-02;6,92809E-03;1,63167E-02;5,02071E-02
550;7,91281E-02;6,92157E-03;1,63991E-02;5,00696E-02
551;7,97484E-02;6,94405E-03;1,62152E-02;4,97144E-02
552;7,88763E-02;6,86174E-03;1,63203E-02;4,97357E-02
553;7,85837E-02;6,83170E-03;1,63984E-02;4,99739E-02
554;7,85504E-02;6,69387E-03;1,64598E-02;5,00904E-02
555;7,77539E-02;6,76125E-03;1,62263E-02;4,99208E-02
556;7,75745E-02;6,60499E-03;1,62034E-02;4,94191E-02
557;7,71404E-02;6,49104E-03;1,62736E-02;4,95831E-02
558;7,71390E-02;6,42799E-03;1,60536E-02;5,02220E-02
559;7,67046E-02;6,42580E-03;1,58288E-02;4,97789E-02
560;7,68039E-02;6,34915E-03;1,60184E-02;4,98479E-02
561;7,66846E-02;6,40273E-03;1,59960E-02;4,98425E-02
562;7,69335E-02;6,28320E-03;1,57433E-02;5,00305E-02
563;7,70980E-02;6,28124E-03;1,57935E-02;4,96269E-02
564;7,73144E-02;6,15130E-03;1,57036E-02;5,04036E-02
565;7,68783E-02;6,27658E-03;1,57654E-02;5,02388E-02
566;7,70658E-02;6,18976E-03;1,58308E-02;5,02272E-02
567;7,64498E-02;6,25352E-03;1,60117E-02;5,03631E-02
568;7,75421E-02;6,18034E-03;1,60657E-02;5,05531E-02
569;7,68397E-02;6,21834E-03;1,61532E-02;5,11021E-02
570;7,73766E-02;6,19397E-03;1,63086E-02;5,10745E-02
571;7,81986E-02;6,20602E-03;1,64109E-02;5,15370E-02
572;7,72960E-02;6,24047E-03;1,68076E-02;5,19382E-02
573;7,80426E-02;6,20550E-03;1,71789E-02;5,19823E-02
574;7,86270E-02;6,25531E-03;1,74218E-02;5,24768E-02
575;7,89646E-02;6,30002E-03;1,79312E-02;5,29200E-02
576;7,93115E-02;6,25144E-03;1,82836E-02;5,31739E-02
577;8,07441E-02;6,41281E-03;1,88761E-02;5,39728E-02
578;8,13938E-02;6,50803E-03;1,94697E-02;5,45056E-02
579;8,21515E-02;6,51482E-03;1,97969E-02;5,50730E-02
580;8,27909E-02;6,55825E-03;2,05648E-02;5,61651E-02
581;8,38042E-02;6,64360E-03;2,14668E-02;5,66307E-02
582;8,50335E-02;6,79211E-03;2,22581E-02;5,76147E-02
583;8,63613E-02;6,84001E-03;2,30157E-02;5,86900E-02
584;8,74280E-02;7,00382E-03;2,42144E-02;5,90957E-02
585;8,93161E-02;7,12119E-03;2,49728E-02;6,01513E-02
586;9,07373E-02;7,28552E-03;2,56702E-02;6,09482E-02
587;9,18801E-02;7,37820E-03;2,73538E-02;6,28444E-02
588;9,33241E-02;7,54477E-03;2,80103E-02;6,35897E-02
589;9,49301E-02;7,65231E-03;2,90398E-02;6,46407E-02
590;9,64341E-02;7,77064E-03;3,03495E-02;6,58134E-02
591;9,76036E-02;7,82656E-03;3,09563E-02;6,65654E-02
592;9,76149E-02;7,93789E-03;3,19409E-02;6,75552E-02
593;9,81303E-02;7,90381E-03;3,25071E-02;6,82177E-02
594;9,74649E-02;7,88297E-03;3,30265E-02;6,74175E-02
595;9,54285E-02;7,69690E-03;3,32904E-02;6,67374E-02
596;9,45102E-02;7,65937E-03;3,32786E-02;6,64547E-02
597;9,26172E-02;7,63177E-03;3,29754E-02;6,46344E-02
598;9,14047E-02;7,43661E-03;3,31924E-02;6,41224E-02
599;9,00985E-02;7,40878E-03;3,29150E-02;6,31560E-02
600;8,83405E-02;7,29793E-03;3,28152E-02;6,20613E-02
601;8,69384E-02;7,05557E-03;3,29447E-02;6,17782E-02
602;8,65334E-02;7,08370E-03;3,31111E-02;6,10271E-02
603;8,58299E-02;7,01047E-03;3,31369E-02;6,04517E-02
604;8,54330E-02;6,97486E-03;3,29646E-02;5,98851E-02
605;8,47919E-02;6,94894E-03;3,32221E-02;5,96046E-02
606;8,48177E-02;7,00842E-03;3,35143E-02;5,95998E-02
607;8,46086E-02;6,91038E-03;3,37946E-02;5,93002E-02
608;8,42927E-02;7,05537E-03;3,38240E-02;5,96738E-02
609;8,41921E-02;6,93271E-03;3,39358E-02;5,91525E-02
610;8,46501E-02;6,88701E-03;3,38854E-02;5,93463E-02
611;8,40826E-02;7,00104E-03;3,43533E-02;5,88671E-02
612;8,46011E-02;6,90781E-03;3,46235E-02;5,94162E-02
613;8,43131E-02;7,01587E-03;3,47520E-02;5,91330E-02
614;8,43512E-02;6,95213E-03;3,48149E-02;5,91812E-02
615;8,44334E-02;7,00530E-03;3,53482E-02;5,92951E-02
616;8,45367E-02;6,92881E-03;3,53355E-02;5,99693E-02
617;8,41141E-02;6,92829E-03;3,57428E-02;5,92266E-02
618;8,49143E-02;6,94403E-03;3,57239E-02;5,97071E-02
619;8,48382E-02;6,95427E-03;3,59744E-02;5,99833E-02
620;8,49347E-02;7,01822E-03;3,61715E-02;5,93458E-02
621;8,54722E-02;6,90963E-03;3,63569E-02;5,96158E-02
622;8,43612E-02;6,98173E-03;3,61790E-02;5,99037E-02
623;8,53158E-02;6,98475E-03;3,66181E-02;6,01219E-02
624;8,42313E-02;6,90566E-03;3,68365E-02;6,03035E-02
625;8,56503E-02;7,10745E-03;3,68307E-02;5,98029E-02
626;8,45172E-02;7,03060E-03;3,68999E-02;6,01146E-02
627;8,44437E-02;7,07589E-03;3,70470E-02;6,02124E-02
628;8,45184E-02;7,05660E-03;3,71201E-02;6,00716E-02
629;8,51936E-02;7,07878E-03;3,71729E-02;6,05390E-02
630;8,49288E-02;7,01643E-03;3,73819E-02;6,03285E-02
631;8,48612E-02;7,12967E-03;3,74189E-02;6,04991E-02
632;8,40823E-02;7,18642E-03;3,74221E-02;5,98916E-02
633;8,46442E-02;6,94608E-03;3,77000E-02;5,98811E-02
634;8,41465E-02;7,17896E-03;3,74826E-02;6,02421E-02
635;8,39789E-02;7,15770E-03;3,77059E-02;6,01460E-02
636;8,39705E-02;7,12431E-03;3,76810E-02;6,02098E-02
637;8,39433E-02;7,19547E-03;3,76296E-02;6,05931E-02
638;8,32101E-02;7,18795E-03;3,80044E-02;5,97119E-02
639;8,32903E-02;7,23799E-03;3,77685E-02;5,95968E-02
640;8,30395E-02;7,18762E-03;3,76045E-02;5,99198E-02
641;8,22957E-02;7,26598E-03;3,75887E-02;5,93798E-02
642;8,18446E-02;7,31210E-03;3,76605E-02;5,93176E-02
643;8,29268E-02;7,41616E-03;3,79179E-02;5,92858E-02
644;8,23457E-02;7,37898E-03;3,77072E-02;5,94712E-02
645;8,17716E-02;7,47035E-03;3,79658E-02;5,86302E-02
646;8,14770E-02;7,48568E-03;3,76812E-02;5,84257E-02
647;8,13401E-02;7,44241E-03;3,78407E-02;5,91193E-02
648;8,08050E-02;7,57743E-03;3,77141E-02;5,82330E-02
649;8,06883E-02;7,60032E-03;3,79395E-02;5,83985E-02
650;8,02048E-02;7,67692E-03;3,76975E-02;5,85943E-02
651;8,02111E-02;7,74292E-03;3,76042E-02;5,86217E-02
652;8,00124E-02;7,77294E-03;3,78230E-02;5,86093E-02
653;8,02291E-02;7,65821E-03;3,80333E-02;5,82654E-02
654;8,00506E-02;7,84193E-03;3,78947E-02;5,80802E-02
655;7,95184E-02;7,84904E-03;3,78433E-02;5,79873E-02
656;7,84969E-02;7,99762E-03;3,81580E-02;5,76520E-02
657;7,86392E-02;7,92373E-03;3,80973E-02;5,77613E-02
658;7,80674E-02;7,82564E-03;3,79131E-02;5,73159E-02
659;7,71171E-02;7,96489E-03;3,79546E-02;5,68643E-02
660;7,62974E-02;7,97447E-03;3,74942E-02;5,60152E-02
661;7,58013E-02;7,92860E-03;3,73401E-02;5,55417E-02
662;7,45435E-02;7,94938E-03;3,66508E-02;5,53285E-02
663;7,39223E-02;7,96427E-03;3,63852E-02;5,46382E-02
664;7,39787E-02;8,01636E-03;3,63427E-02;5,41804E-02
665;7,26451E-02;7,93806E-03;3,60175E-02;5,35882E-02
666;7,19053E-02;7,98698E-03;3,57988E-02;5,33904E-02
667;7,17399E-02;8,00264E-03;3,57923E-02;5,19655E-02
668;7,12231E-02;8,02758E-03;3,54375E-02;5,24312E-02
669;7,06829E-02;7,96218E-03;3,52181E-02;5,16045E-02
670;6,97629E-02;8,17918E-03;3,51859E-02;5,19150E-02
671;7,01962E-02;8,20298E-03;3,51957E-02;5,15414E-02
672;6,99028E-02;8,27576E-03;3,50206E-02;5,10831E-02
673;6,99273E-02;8,45226E-03;3,51935E-02;5,14713E-02
674;6,99174E-02;8,56344E-03;3,52910E-02;5,13462E-02
675;6,98379E-02;8,65880E-03;3,55454E-02;5,16590E-02
676;7,02272E-02;8,76543E-03;3,51575E-02;5,16734E-02
677;6,88536E-02;8,76078E-03;3,55219E-02;5,16428E-02
678;6,84865E-02;8,80223E-03;3,52441E-02;5,09849E-02
679;6,58667E-02;8,65109E-03;3,47527E-02;4,98037E-02
680;6,37426E-02;8,55326E-03;3,34375E-02;4,85092E-02
681;6,06791E-02;8,38899E-03;3,27149E-02;4,70099E-02
682;5,81295E-02;8,10709E-03;3,15538E-02;4,48997E-02
683;5,59559E-02;7,99421E-03;3,06287E-02;4,31974E-02
684;5,31172E-02;7,75086E-03;2,94240E-02;4,09853E-02
685;5,13534E-02;7,64468E-03;2,82148E-02;3,96626E-02
686;4,98649E-02;7,45176E-03;2,70963E-02;3,79292E-02
687;4,76330E-02;7,36770E-03;2,66065E-02;3,68110E-02
688;4,66118E-02;7,33691E-03;2,57865E-02;3,57117E-02
689;4,51406E-02;7,33383E-03;2,49658E-02;3,44801E-02
690;4,39518E-02;7,18777E-03;2,46824E-02;3,35945E-02
691;4,31084E-02;7,18052E-03;2,39642E-02;3,28471E-02
692;4,25136E-02;7,25578E-03;2,38114E-02;3,21102E-02
693;4,19949E-02;7,21768E-03;2,34824E-02;3,17866E-02
694;4,09343E-02;7,21104E-03;2,30989E-02;3,13126E-02
695;4,01727E-02;7,20849E-03;2,27707E-02;3,06823E-02
696;3,99508E-02;7,38601E-03;2,28910E-02;3,05797E-02
697;3,94125E-02;7,44460E-03;2,26204E-02;3,01563E-02
698;3,96029E-02;7,52263E-03;2,25875E-02;3,01851E-02
699;3,96864E-02;7,63939E-03;2,24746E-02;3,02832E-02
700;3,90981E-02;7,78803E-03;2,21311E-02;3,02130E-02
701;3,90229E-02;7,93747E-03;2,23199E-02;3,00831E-02
702;3,91573E-02;8,05974E-03;2,26119E-02;3,04249E-02
703;3,97766E-02;8,17865E-03;2,25364E-02;3,08053E-02
704;4,02662E-02;8,50970E-03;2,28496E-02;3,11293E-02
705;3,99847E-02;8,72622E-03;2,29473E-02;3,13046E-02
706;4,09679E-02;8,96914E-03;2,30910E-02;3,17699E-02
707;4,10623E-02;9,40558E-03;2,35027E-02;3,20938E-02
708;4,13810E-02;9,60680E-03;2,39540E-02;3,27372E-02
709;4,22955E-02;9,86211E-03;2,41238E-02;3,29099E-02
710;4,28049E-02;1,02467E-02;2,46120E-02;3,38024E-02
711;4,41548E-02;1,05710E-02;2,49463E-02;3,46820E-02
712;4,50396E-02;1,09651E-02;2,55143E-02;3,53444E-02
713;4,58987E-02;1,14637E-02;2,58448E-02;3,68363E-02
714;4,73572E-02;1,18779E-02;2,69498E-02;3,72147E-02
715;4,88125E-02;1,25410E-02;2,74963E-02;3,87124E-02
716;5,07340E-02;1,30050E-02;2,84107E-02;4,02404E-02
717;5,14008E-02;1,37289E-02;2,92882E-02;4,17529E-02
718;5,27890E-02;1,42171E-02;3,01983E-02;4,24802E-02
719;5,41337E-02;1,47350E-02;3,08429E-02;4,36000E-02
720;5,45883E-02;1,50620E-02;3,12988E-02;4,47143E-02
721;5,40215E-02;1,51807E-02;3,13603E-02;4,48123E-02
722;5,34870E-02;1,52184E-02;3,12945E-02;4,47640E-02
723;5,19110E-02;1,52821E-02;3,09987E-02;4,40904E-02
724;5,10543E-02;1,50277E-02;3,02639E-02;4,31733E-02
725;4,92001E-02;1,49755E-02;2,96479E-02;4,25062E-02
726;4,86598E-02;1,48307E-02;2,90207E-02;4,12354E-02
727;4,76003E-02;1,47796E-02;2,86333E-02;4,06494E-02
728;4,76496E-02;1,49350E-02;2,81692E-02;3,93208E-02
729;4,76468E-02;1,50093E-02;2,80126E-02;3,93980E-02
730;4,71242E-02;1,51658E-02;2,81417E-02;3,93842E-02
731;4,78572E-02;1,56474E-02;2,80515E-02;3,89705E-02
732;4,82675E-02;1,57433E-02;2,85635E-02;4,02898E-02
733;4,84513E-02;1,63366E-02;2,87519E-02;4,05005E-02
734;4,97647E-02;1,64602E-02;2,94257E-02;4,07025E-02
735;5,02075E-02;1,68151E-02;2,97695E-02;4,12513E-02
736;5,03189E-02;1,70632E-02;2,98920E-02;4,12839E-02
737;4,92454E-02;1,71661E-02;2,96379E-02;4,11481E-02
738;4,89191E-02;1,69402E-02;2,95429E-02;4,09621E-02
739;4,80291E-02;1,66482E-02;2,90992E-02;4,01487E-02
740;4,54914E-02;1,61231E-02;2,79458E-02;3,86989E-02
741;4,33628E-02;1,55982E-02;2,68523E-02;3,76074E-02
742;4,13558E-02;1,48181E-02;2,59742E-02;3,54318E-02
743;3,91104E-02;1,43506E-02;2,46344E-02;3,45305E-02
744;3,76146E-02;1,37323E-02;2,34202E-02;3,22837E-02
745;3,63342E-02;1,34840E-02;2,26619E-02;3,09310E-02
746;3,55126E-02;1,30393E-02;2,20275E-02;2,96370E-02
747;3,44396E-02;1,29306E-02;2,17293E-02;2,89258E-02
748;3,45033E-02;1,29817E-02;2,11171E-02;2,86018E-02
749;3,45666E-02;1,30850E-02;2,13277E-02;2,84082E-02
750;3,54088E-02;1,31319E-02;2,15561E-02;2,88685E-02
751;3,59880E-02;1,34609E-02;2,16349E-02;2,90737E-02
752;3,64240E-02;1,39619E-02;2,22505E-02;2,97566E-02
753;3,78692E-02;1,43875E-02;2,25690E-02;2,98544E-02
754;3,87339E-02;1,49106E-02;2,35679E-02;3,15264E-02
755;4,03758E-02;1,54272E-02;2,40748E-02;3,20345E-02
756;4,17180E-02;1,61111E-02;2,50061E-02;3,34562E-02
757;4,36541E-02;1,68754E-02;2,59864E-02;3,49797E-02
758;4,55569E-02;1,76754E-02;2,68656E-02;3,63922E-02
759;4,76507E-02;1,84559E-02;2,82521E-02;3,76200E-02
760;4,97850E-02;1,95195E-02;2,95810E-02;3,98198E-02
761;5,25874E-02;2,04925E-02;3,11046E-02;4,16722E-02
762;5,50638E-02;2,13518E-02;3,22909E-02;4,36168E-02
763;5,64580E-02;2,23206E-02;3,38126E-02;4,51879E-02
764;5,82388E-02;2,30588E-02;3,48607E-02;4,68710E-02
765;5,91571E-02;2,36653E-02;3,59394E-02;4,87776E-02
766;5,98495E-02;2,40376E-02;3,67896E-02;5,04227E-02
767;5,96000E-02;2,38745E-02;3,64966E-02;5,03318E-02
768;5,74738E-02;2,34709E-02;3,63730E-02;4,96746E-02
769;5,53421E-02;2,26990E-02;3,49726E-02;4,88569E-02
770;5,19530E-02;2,13481E-02;3,43168E-02;4,64930E-02
771;4,91281E-02;2,04570E-02;3,19944E-02;4,46594E-02
772;4,66249E-02;1,94337E-02;3,02999E-02;4,16724E-02
773;4,40130E-02;1,86999E-02;2,85874E-02;3,95390E-02
774;4,20497E-02;1,77206E-02;2,71942E-02;3,76367E-02
775;4,04017E-02;1,72684E-02;2,62670E-02;3,59434E-02
776;3,94607E-02;1,68306E-02;2,51261E-02;3,48470E-02
777;3,86086E-02;1,66564E-02;2,48306E-02;3,42534E-02
778;3,91217E-02;1,66356E-02;2,43962E-02;3,35018E-02
779;3,88517E-02;1,66745E-02;2,41747E-02;3,42233E-02
780;3,91722E-02;1,72786E-02;2,44237E-02;3,31759E-02
781;4,00825E-02;1,73671E-02;2,47901E-02;3,36861E-02
782;4,11926E-02;1,80339E-02;2,51450E-02;3,47898E-02
783;4,17616E-02;1,83326E-02;2,57046E-02;3,53147E-02
784;4,37799E-02;1,91550E-02;2,64321E-02;3,67458E-02
785;4,53852E-02;2,00017E-02;2,75293E-02;3,79679E-02
786;4,69033E-02;2,08620E-02;2,83192E-02;3,90719E-02
787;4,87518E-02;2,14985E-02;2,94551E-02;4,09409E-02
788;5,04912E-02;2,24649E-02;3,03578E-02;4,22968E-02
789;5,23581E-02;2,31627E-02;3,13784E-02;4,33962E-02
790;5,40666E-02;2,38654E-02;3,23957E-02;4,49911E-02
791;5,59926E-02;2,46317E-02;3,37591E-02;4,63375E-02
792;5,77989E-02;2,55103E-02;3,48221E-02;4,82466E-02
793;5,90991E-02;2,64924E-02;3,57686E-02;4,98561E-02
794;6,24347E-02;2,73480E-02;3,69045E-02;5,13214E-02
795;6,38844E-02;2,83971E-02;3,83681E-02;5,31555E-02
796;6,66388E-02;2,93997E-02;3,97245E-02;5,52674E-02
797;6,87556E-02;3,09046E-02;4,13777E-02;5,72746E-02
798;7,26214E-02;3,22056E-02;4,30721E-02;5,94734E-02
799;7,53648E-02;3,35605E-02;4,48444E-02;6,30134E-02
800;7,81905E-02;3,51150E-02;4,64558E-02;6,45233E-02
801;8,09896E-02;3,63773E-02;4,81888E-02;6,74277E-02
802;8,46933E-02;3,75166E-02;5,02001E-02;6,98439E-02
803;8,64811E-02;3,84615E-02;5,17975E-02;7,21723E-02
804;8,79108E-02;3,94451E-02;5,31914E-02;7,43129E-02
805;8,84732E-02;3,97757E-02;5,39122E-02;7,57676E-02
806;8,74416E-02;3,93366E-02;5,39764E-02;7,63951E-02
807;8,50460E-02;3,84935E-02;5,31739E-02;7,46009E-02
808;8,09622E-02;3,64515E-02;5,15758E-02;7,25196E-02
809;7,61472E-02;3,44788E-02;4,89743E-02;6,88465E-02
810;7,00614E-02;3,21842E-02;4,64845E-02;6,55623E-02
811;6,49490E-02;2,93721E-02;4,30599E-02;6,06432E-02
812;5,85187E-02;2,67271E-02;3,95498E-02;5,60504E-02
813;5,30134E-02;2,40679E-02;3,59224E-02;5,02069E-02
814;4,71400E-02;2,17642E-02;3,21648E-02;4,50692E-02
815;4,19233E-02;1,92676E-02;2,88893E-02;4,06359E-02
816;3,73641E-02;1,73695E-02;2,60713E-02;3,58651E-02
817;3,39289E-02;1,55781E-02;2,35128E-02;3,30694E-02
818;3,04566E-02;1,43190E-02;2,13765E-02;2,91937E-02
819;2,87701E-02;1,32067E-02;1,96072E-02;2,66928E-02
820;2,63481E-02;1,21485E-02;1,82116E-02;2,46689E-02
821;2,48854E-02;1,14797E-02;1,67251E-02;2,32465E-02
822;2,36638E-02;1,08254E-02;1,58398E-02;2,12267E-02
823;2,24111E-02;1,02412E-02;1,49032E-02;2,01272E-02
824;2,17644E-02;9,93372E-03;1,43250E-02;1,92982E-02
825;2,14716E-02;9,68673E-03;1,38516E-02;1,87036E-02
826;2,10306E-02;9,67547E-03;1,37733E-02;1,80406E-02
827;2,08857E-02;9,41958E-03;1,37256E-02;1,80608E-02
828;2,04550E-02;9,36311E-03;1,34454E-02;1,73295E-02
829;2,05912E-02;9,38188E-03;1,34764E-02;1,73933E-02
830;2,06807E-02;9,52513E-03;1,33926E-02;1,69690E-02
831;2,12204E-02;9,75689E-03;1,36788E-02;1,73840E-02
832;2,13653E-02;9,80922E-03;1,38730E-02;1,75251E-02
833;2,22019E-02;1,00155E-02;1,42107E-02;1,82306E-02
834;2,30882E-02;1,06223E-02;1,47844E-02;1,84582E-02
835;2,39984E-02;1,07907E-02;1,51495E-02;1,94131E-02
836;2,57317E-02;1,14547E-02;1,56353E-02;2,01479E-02
837;2,60879E-02;1,20927E-02;1,66357E-02;2,08869E-02
838;2,75113E-02;1,27802E-02;1,73727E-02;2,18081E-02
839;2,92243E-02;1,30769E-02;1,81942E-02;2,28297E-02
840;3,04079E-02;1,39219E-02;1,90323E-02;2,35036E-02
841;3,17223E-02;1,45903E-02;2,03330E-02;2,52983E-02
842;3,41740E-02;1,54912E-02;2,12128E-02;2,64523E-02
843;3,59495E-02;1,63992E-02;2,22646E-02;2,78972E-02
844;3,80226E-02;1,72471E-02;2,32112E-02;2,91016E-02
845;3,93341E-02;1,82221E-02;2,45235E-02;3,05467E-02
846;4,14325E-02;1,90431E-02;2,59746E-02;3,23447E-02
847;4,33492E-02;1,99691E-02;2,69228E-02;3,39145E-02
848;4,46894E-02;2,10088E-02;2,81868E-02;3,58257E-02
849;4,73760E-02;2,18226E-02;2,95445E-02;3,71508E-02
850;4,95546E-02;2,27456E-02;3,12453E-02;3,85157E-02
851;5,06642E-02;2,32939E-02;3,20672E-02;3,96023E-02
852;5,04493E-02;2,42640E-02;3,31259E-02;4,20741E-02
853;5,25581E-02;2,46380E-02;3,37140E-02;4,26014E-02
854;5,34863E-02;2,51078E-02;3,44618E-02;4,35336E-02
855;5,29942E-02;2,46841E-02;3,48383E-02;4,39831E-02
856;5,24871E-02;2,51009E-02;3,49557E-02;4,37900E-02
857;5,16965E-02;2,44126E-02;3,45119E-02;4,45657E-02
858;4,99455E-02;2,39236E-02;3,37643E-02;4,30879E-02
859;4,70252E-02;2,26103E-02;3,25114E-02;4,11088E-02
860;4,43930E-02;2,14322E-02;3,11188E-02;3,93325E-02
861;4,15286E-02;1,97589E-02;2,96256E-02;3,69488E-02
862;3,78952E-02;1,85315E-02;2,74490E-02;3,49334E-02
863;3,56033E-02;1,70111E-02;2,52099E-02;3,20334E-02
864;3,25022E-02;1,60335E-02;2,36008E-02;2,95826E-02
865;3,00811E-02;1,46382E-02;2,20742E-02;2,76063E-02
866;2,83853E-02;1,34530E-02;2,01617E-02;2,58657E-02
867;2,60468E-02;1,26770E-02;1,86715E-02;2,36420E-02
868;2,41672E-02;1,17670E-02;1,74498E-02;2,19434E-02
869;2,30137E-02;1,10878E-02;1,65418E-02;2,03145E-02
870;2,19102E-02;1,05930E-02;1,57401E-02;1,86056E-02
871;2,15288E-02;1,02990E-02;1,48756E-02;1,84129E-02
872;2,04479E-02;9,74487E-03;1,44346E-02;1,78194E-02
873;2,05773E-02;9,76287E-03;1,41548E-02;1,75236E-02
874;2,02805E-02;9,64125E-03;1,39825E-02;1,70360E-02
875;1,98059E-02;9,98806E-03;1,38476E-02;1,65710E-02
876;2,02965E-02;9,60543E-03;1,38730E-02;1,62701E-02
877;2,04286E-02;9,88970E-03;1,41588E-02;1,67371E-02
878;2,03770E-02;9,69169E-03;1,42152E-02;1,63983E-02
879;2,09829E-02;1,00636E-02;1,44088E-02;1,63891E-02
880;2,11566E-02;1,02451E-02;1,44323E-02;1,69286E-02
881;2,20404E-02;1,04569E-02;1,47360E-02;1,75313E-02
882;2,22305E-02;1,07997E-02;1,50136E-02;1,76701E-02
883;2,26738E-02;1,09706E-02;1,54622E-02;1,81295E-02
884;2,32935E-02;1,11925E-02;1,60013E-02;1,82907E-02
885;2,38160E-02;1,16141E-02;1,58193E-02;1,84009E-02
886;2,46215E-02;1,18359E-02;1,67816E-02;1,87232E-02
887;2,56306E-02;1,21150E-02;1,66352E-02;1,93786E-02
888;2,56093E-02;1,24861E-02;1,76707E-02;2,04965E-02
889;2,73500E-02;1,29975E-02;1,81322E-02;2,10275E-02
890;2,77721E-02;1,35941E-02;1,86301E-02;2,19276E-02
891;2,93343E-02;1,41778E-02;1,96644E-02;2,24398E-02
892;3,07830E-02;1,46998E-02;2,00621E-02;2,35272E-02
893;3,19714E-02;1,53913E-02;2,10241E-02;2,44404E-02
894;3,28554E-02;1,64427E-02;2,19705E-02;2,52636E-02
895;3,41375E-02;1,70918E-02;2,30720E-02;2,62816E-02
896;3,60874E-02;1,75100E-02;2,39071E-02;2,70042E-02
897;3,85188E-02;1,85251E-02;2,51254E-02;2,85184E-02
898;4,03874E-02;1,94532E-02;2,63980E-02;2,98279E-02
899;4,14851E-02;2,05420E-02;2,77650E-02;3,16579E-02
900;4,39170E-02;2,15065E-02;2,90336E-02;3,25207E-02
901;4,61449E-02;2,24197E-02;3,06144E-02;3,48079E-02
902;4,83562E-02;2,39534E-02;3,19143E-02;3,60716E-02
903;4,99528E-02;2,50290E-02;3,36286E-02;3,81997E-02
904;5,28919E-02;2,60371E-02;3,46438E-02;3,94790E-02
905;5,54730E-02;2,73455E-02;3,66542E-02;4,16719E-02
906;5,77726E-02;2,86892E-02;3,84394E-02;4,23637E-02
907;6,01847E-02;2,97099E-02;3,96292E-02;4,59380E-02
908;6,14656E-02;3,02248E-02;4,15502E-02;4,65533E-02
909;6,26029E-02;3,13376E-02;4,25878E-02;4,91566E-02
910;6,42983E-02;3,19884E-02;4,37042E-02;4,93995E-02
911;6,32807E-02;3,17883E-02;4,44819E-02;5,02477E-02
912;6,44330E-02;3,21801E-02;4,38333E-02;5,09307E-02
913;6,25539E-02;3,19781E-02;4,41836E-02;5,06478E-02
914;6,09559E-02;3,08214E-02;4,34945E-02;5,01451E-02
915;5,84847E-02;3,03355E-02;4,24425E-02;4,94906E-02
916;5,69531E-02;2,91233E-02;4,13593E-02;4,79561E-02
917;5,55605E-02;2,84556E-02;4,05809E-02;4,76290E-02
918;5,43720E-02;2,74462E-02;3,87549E-02;4,48133E-02
919;5,16290E-02;2,62400E-02;3,80734E-02;4,44503E-02
920;4,96799E-02;2,54169E-02;3,62141E-02;4,16529E-02
921;4,80270E-02;2,41693E-02;3,48171E-02;4,04181E-02
922;4,81182E-02;2,38490E-02;3,44542E-02;3,94573E-02
923;4,61104E-02;2,34079E-02;3,26042E-02;3,77853E-02
924;4,60617E-02;2,32163E-02;3,28571E-02;3,74126E-02
925;4,48533E-02;2,26226E-02;3,14253E-02;3,65999E-02
926;4,56584E-02;2,30443E-02;3,20290E-02;3,69351E-02
927;4,62614E-02;2,32821E-02;3,15427E-02;3,59197E-02
928;4,66078E-02;2,35687E-02;3,20568E-02;3,61823E-02
929;4,68573E-02;2,35475E-02;3,28322E-02;3,68675E-02
930;4,82674E-02;2,45294E-02;3,27411E-02;3,73262E-02
931;4,93885E-02;2,45620E-02;3,35110E-02;3,75234E-02
932;4,97442E-02;2,53003E-02;3,45828E-02;3,86088E-02
933;5,13688E-02;2,57446E-02;3,47383E-02;3,92152E-02
934;5,35621E-02;2,66842E-02;3,56944E-02;3,99696E-02
935;5,55518E-02;2,75519E-02;3,73555E-02;4,09139E-02
936;5,56079E-02;2,84927E-02;3,79211E-02;4,33802E-02
937;5,74693E-02;2,96014E-02;3,89767E-02;4,24781E-02
938;5,90784E-02;3,03109E-02;4,01677E-02;4,49068E-02
939;6,11154E-02;3,05395E-02;4,11426E-02;4,51395E-02
940;6,29249E-02;3,15611E-02;4,16078E-02;4,61840E-02
941;6,33111E-02;3,19538E-02;4,28675E-02;4,80001E-02
942;6,55325E-02;3,27126E-02;4,38799E-02;4,86907E-02
943;6,41923E-02;3,30401E-02;4,39379E-02;4,91121E-02
944;6,51474E-02;3,27234E-02;4,45220E-02;4,99667E-02
945;6,45010E-02;3,26344E-02;4,46457E-02;4,97785E-02
946;6,40814E-02;3,24835E-02;4,52076E-02;5,12028E-02
947;6,34644E-02;3,20482E-02;4,39259E-02;4,88129E-02
948;6,17473E-02;3,16168E-02;4,36923E-02;4,93011E-02
949;5,98672E-02;3,12614E-02;4,28425E-02;4,89602E-02
950;5,92514E-02;3,08458E-02;4,24601E-02;4,78777E-02
951;5,54885E-02;2,94053E-02;4,05143E-02;4,68899E-02
952;5,54128E-02;2,85523E-02;3,88465E-02;4,47180E-02
953;5,20319E-02;2,73307E-02;3,74845E-02;4,32308E-02
954;4,99928E-02;2,62281E-02;3,56674E-02;4,25140E-02
955;4,70452E-02;2,50767E-02;3,47459E-02;4,06472E-02
956;4,55674E-02;2,33747E-02;3,28384E-02;3,95448E-02
957;4,30225E-02;2,30774E-02;3,20838E-02;3,76574E-02
958;4,12044E-02;2,17010E-02;3,01076E-02;3,63860E-02
959;4,03100E-02;2,09353E-02;2,86767E-02;3,46268E-02
960;3,81908E-02;2,00683E-02;2,71504E-02;3,39544E-02
961;3,73314E-02;1,95419E-02;2,66470E-02;3,16838E-02
962;3,61602E-02;1,87556E-02;2,55754E-02;3,09987E-02
963;3,58475E-02;1,88353E-02;2,40319E-02;3,04095E-02
964;3,37090E-02;1,81928E-02;2,40465E-02;3,05013E-02
965;3,48251E-02;1,81078E-02;2,28019E-02;2,92041E-02
966;3,35581E-02;1,80043E-02;2,35770E-02;2,88306E-02
967;3,31527E-02;1,80405E-02;2,20651E-02;2,89342E-02
968;3,32217E-02;1,75855E-02;2,25689E-02;2,88413E-02
969;3,39820E-02;1,75795E-02;2,22432E-02;2,88496E-02
970;3,33816E-02;1,78123E-02;2,18349E-02;2,89598E-02
971;3,42165E-02;1,80084E-02;2,20214E-02;2,93422E-02
972;3,51058E-02;1,85830E-02;2,23681E-02;2,94220E-02
973;3,47892E-02;1,87231E-02;2,24687E-02;2,89231E-02
974;3,43149E-02;1,92838E-02;2,26852E-02;3,01537E-02
975;3,52656E-02;1,91719E-02;2,36461E-02;2,99280E-02
976;3,54256E-02;1,98938E-02;2,36839E-02;2,99593E-02
977;3,69914E-02;1,95841E-02;2,34955E-02;3,10920E-02
978;3,77685E-02;2,02937E-02;2,44992E-02;3,18258E-02
979;3,95127E-02;2,06242E-02;2,44867E-02;3,19226E-02
980;3,91354E-02;2,12104E-02;2,48318E-02;3,27863E-02
981;4,01063E-02;2,13812E-02;2,49682E-02;3,39044E-02
982;3,92771E-02;2,13758E-02;2,60509E-02;3,43826E-02
983;4,11295E-02;2,19927E-02;2,62773E-02;3,42713E-02
984;4,15186E-02;2,19582E-02;2,65685E-02;3,50218E-02
985;4,24534E-02;2,24289E-02;2,67951E-02;3,48613E-02
986;4,20310E-02;2,25170E-02;2,70261E-02;3,56113E-02
987;4,24830E-02;2,28303E-02;2,74210E-02;3,73898E-02
988;4,18903E-02;2,29525E-02;2,76997E-02;3,65060E-02
989;4,21480E-02;2,35252E-02;2,79016E-02;3,54155E-02
990;4,29495E-02;2,27894E-02;2,74838E-02;3,66299E-02
991;4,35770E-02;2,33169E-02;2,79644E-02;3,76480E-02
992;4,36243E-02;2,33765E-02;2,77922E-02;3,65317E-02
993;4,25967E-02;2,30323E-02;2,75042E-02;3,64130E-02
994;4,09259E-02;2,23533E-02;2,74451E-02;3,51759E-02
995;4,27286E-02;2,27741E-02;2,79155E-02;3,72822E-02
996;4,05360E-02;2,26017E-02;2,71077E-02;3,62798E-02
997;4,10158E-02;2,18599E-02;2,63186E-02;3,54292E-02
998;4,01460E-02;2,19799E-02;2,67308E-02;3,51983E-02
999;3,94773E-02;2,10420E-02;2,61132E-02;3,46140E-02
1000;3,82389E-02;2,03080E-02;2,55822E-02;3,50111E-02
